{
  "matrix_size_scaling": {
    "sizes": [
      256,
      512,
      1024,
      2048,
      4096,
      8192
    ],
    "baseline_times": [
      0.032073,
      0.071969,
      0.34054,
      2.463775,
      18.194001,
      140.276446
    ],
    "optimized_times": [
      0.000451106,
      0.00253042,
      0.0170998,
      0.133702,
      1.01339,
      8.7205
    ],
    "speedups": [
      71.09858880174504,
      28.441523541546466,
      19.914852805295972,
      18.427360847257336,
      17.953602265662774,
      16.085826042084744
    ]
  },
  "thread_scaling": {
    "threads": [
      1,
      2,
      4,
      8,
      16,
      32,
      48,
      64,
      72,
      88,
      96,
      128,
      144,
      160,
      176,
      192,
      208,
      224,
      240,
      256
    ],
    "baseline_times": [
      5.372387,
      3.220532,
      2.357203,
      2.760783,
      2.965867,
      3.781458,
      5.391806,
      6.753984,
      7.685634,
      9.213445,
      9.889513,
      12.948393,
      14.44495,
      16.248658,
      17.892581,
      19.526196,
      21.447131,
      22.429765,
      23.753235,
      25.144245
    ],
    "optimized_times": [
      0.837264,
      0.420968,
      0.233626,
      0.189156,
      0.139426,
      0.144951,
      0.133333,
      0.133355,
      0.135278,
      0.132525,
      0.127694,
      0.129003,
      0.131796,
      0.128081,
      0.132446,
      0.134226,
      0.137275,
      0.12915,
      0.129776,
      0.127547
    ],
    "speedups": [
      6.416598587781154,
      7.650301210543319,
      10.08964327600524,
      14.595270570322908,
      21.27197940125945,
      26.08783657925782,
      40.43864609661524,
      50.646649919388096,
      56.81362823223288,
      69.5223165440483,
      77.44696696790766,
      100.37280528359804,
      109.60082248323167,
      126.86236053747237,
      135.0934041043142,
      145.47253140226184,
      156.23479147696227,
      173.6722028648858,
      183.03257150782886,
      197.13709456122058
    ]
  }
}