{
  "matrix_size_scaling": {
    "sizes": [
      256,
      512,
      1024,
      2048,
      4096,
      8192
    ],
    "baseline_times": [
      0.034638,
      0.074311,
      0.32805,
      2.660814,
      19.612226,
      137.923859
    ],
    "optimized_times": [
      0.000489212,
      0.0041024,
      0.0187752,
      0.17226,
      1.21305,
      11.4351
    ],
    "speedups": [
      70.8036597630475,
      18.11403081123245,
      17.472516937236357,
      15.44649947753396,
      16.167697951444705,
      12.061447560581017
    ]
  },
  "thread_scaling": {
    "threads": [
      1,
      2,
      4,
      8,
      16,
      32,
      48,
      64,
      72,
      88,
      96,
      128,
      144,
      160,
      176,
      192,
      208,
      224,
      240,
      256
    ],
    "baseline_times": [
      5.274229,
      3.160117,
      2.356036,
      2.458082,
      2.877186,
      3.938846,
      5.65641,
      7.033507,
      7.988333,
      9.300491,
      9.93308,
      12.944335,
      14.796399,
      16.30275,
      17.876421,
      19.639394,
      20.782373,
      22.814512,
      24.242186,
      25.594703
    ],
    "optimized_times": [
      0.831323,
      0.468603,
      0.24344,
      0.172042,
      0.17062,
      0.182335,
      0.197482,
      0.187873,
      0.185371,
      0.183256,
      0.166666,
      0.166001,
      0.171999,
      0.158629,
      0.173728,
      0.160959,
      0.166014,
      0.192186,
      0.172756,
      0.141831
    ],
    "speedups": [
      6.344379982269226,
      6.7436977569499135,
      9.678097272428525,
      14.287685565152696,
      16.863122728871176,
      21.602248608330818,
      28.64266110329043,
      37.43756154423467,
      43.09375792329976,
      50.75135875496573,
      59.59871839487358,
      77.97745194306059,
      86.02607573299844,
      102.77282211953678,
      102.89890518511697,
      122.01488577836592,
      125.18446034671774,
      118.71058245657854,
      140.32615943874598,
      180.45915914010334
    ]
  }
}